{
  "db": [
    {
      "type": "insert",
      "table": "language",
      "exist": [
        {
          "column": "code",
          "value": "en-gb"
        }
      ],
      "model": [
        {
          "name": "localisation/language",
          "method": "addLanguage",
          "data": [
            {
              "name": "English",
              "code": "en-gb",
              "locale": "en-US,en_US.UTF-8,en_US,en-gb,english",
              "sort_order": "2",
              "status": "0"
            }
          ]
        } 
      ]
    }
  ]
}